"Gender","Nationality","PlaceofBirth","StageID","GradeID","SectionID","Topic","Semester","Relation","ParentAnswerSurvey","ParentSchoolSatisfy","StudentAbsentDays","Class","RaisedHands","VisitedResources","ViewAnnouncements","Discussion"
"1","male","Kuwait","Kuwait","PrimarySchool","G-04","A","IT","Semester-1","Father","Yes","Good","Under-7","MiddleLevel",15,16,2,20
"2","male","Kuwait","Kuwait","PrimarySchool","G-04","A","IT","Semester-1","Father","Yes","Good","Under-7","MiddleLevel",20,20,3,25
"3","male","Kuwait","Kuwait","PrimarySchool","G-04","A","IT","Semester-1","Father","No","Bad","Above-7","LowLevel",10,7,0,30
"4","male","Kuwait","Kuwait","PrimarySchool","G-04","A","IT","Semester-1","Father","No","Bad","Above-7","LowLevel",30,25,5,35
"5","male","Kuwait","Kuwait","PrimarySchool","G-04","A","IT","Semester-1","Father","No","Bad","Above-7","MiddleLevel",40,50,12,50
"6","female","Kuwait","Kuwait","PrimarySchool","G-04","A","IT","Semester-1","Father","Yes","Bad","Above-7","MiddleLevel",42,30,13,70
"7","male","Kuwait","Kuwait","MiddleSchool","G-07","A","Math","Semester-1","Father","No","Bad","Above-7","LowLevel",35,12,0,17
"8","male","Kuwait","Kuwait","MiddleSchool","G-07","A","Math","Semester-1","Father","Yes","Good","Under-7","MiddleLevel",50,10,15,22
"9","female","Kuwait","Kuwait","MiddleSchool","G-07","A","Math","Semester-1","Father","Yes","Good","Under-7","MiddleLevel",12,21,16,50
"10","female","Kuwait","Kuwait","MiddleSchool","G-07","B","IT","Semester-1","Father","Yes","Good","Under-7","MiddleLevel",70,80,25,70
"11","male","Kuwait","Kuwait","MiddleSchool","G-07","A","Math","Semester-1","Father","Yes","Good","Under-7","HighLevel",50,88,30,80
"12","male","Kuwait","Kuwait","MiddleSchool","G-07","B","Math","Semester-1","Father","Yes","Good","Under-7","MiddleLevel",19,6,19,12
"13","male","Kuwait","Kuwait","PrimarySchool","G-04","A","IT","Semester-1","Father","No","Bad","Above-7","LowLevel",5,1,0,11
"14","male","Lebanon","Lebanon","MiddleSchool","G-08","A","Math","Semester-1","Father","No","Bad","Above-7","LowLevel",20,14,12,19
"15","female","Kuwait","Kuwait","MiddleSchool","G-08","A","Math","Semester-1","Mother","No","Bad","Above-7","HighLevel",62,70,44,60
"16","female","Kuwait","Kuwait","MiddleSchool","G-06","A","IT","Semester-1","Father","Yes","Good","Under-7","MiddleLevel",30,40,22,66
"17","male","Kuwait","Kuwait","MiddleSchool","G-07","B","IT","Semester-1","Father","No","Bad","Above-7","MiddleLevel",36,30,20,80
"18","male","Kuwait","Kuwait","MiddleSchool","G-07","A","Math","Semester-1","Father","No","Bad","Above-7","MiddleLevel",55,13,35,90
"19","female","Kuwait","Kuwait","MiddleSchool","G-07","A","IT","Semester-1","Mother","Yes","Good","Under-7","MiddleLevel",69,15,36,96
"20","male","Kuwait","Kuwait","MiddleSchool","G-07","B","IT","Semester-1","Mother","Yes","Good","Under-7","HighLevel",70,50,40,99
"21","female","Kuwait","Kuwait","MiddleSchool","G-07","A","IT","Semester-1","Father","No","Bad","Above-7","MiddleLevel",60,60,33,90
"22","female","Kuwait","Kuwait","MiddleSchool","G-07","B","IT","Semester-1","Father","No","Bad","Under-7","MiddleLevel",10,12,4,80
"23","male","Kuwait","Kuwait","MiddleSchool","G-07","A","IT","Semester-1","Father","No","Bad","Under-7","MiddleLevel",15,21,2,90
"24","male","Kuwait","Kuwait","MiddleSchool","G-07","A","IT","Semester-1","Father","No","Bad","Above-7","LowLevel",2,0,2,50
"25","male","Kuwait","Kuwait","MiddleSchool","G-07","B","IT","Semester-1","Father","Yes","Good","Above-7","LowLevel",0,2,3,70
"26","male","Kuwait","Kuwait","MiddleSchool","G-07","A","IT","Semester-1","Father","Yes","Good","Above-7","LowLevel",8,7,30,40
"27","male","Kuwait","Kuwait","MiddleSchool","G-07","B","IT","Semester-1","Father","Yes","Bad","Under-7","MiddleLevel",19,19,25,40
"28","male","Kuwait","Kuwait","MiddleSchool","G-08","A","Arabic","Semester-1","Father","No","Bad","Above-7","LowLevel",25,15,12,33
"29","male","Kuwait","Kuwait","MiddleSchool","G-08","A","Science","Semester-1","Father","Yes","Good","Under-7","MiddleLevel",75,85,52,43
"30","female","Kuwait","Kuwait","MiddleSchool","G-08","A","Arabic","Semester-1","Father","No","Bad","Under-7","MiddleLevel",30,90,33,35
"31","female","Kuwait","Kuwait","MiddleSchool","G-08","A","Arabic","Semester-1","Father","Yes","Good","Under-7","HighLevel",35,80,50,70
"32","male","Kuwait","Kuwait","MiddleSchool","G-07","A","IT","Semester-1","Father","Yes","Good","Above-7","LowLevel",4,5,40,16
"33","female","Kuwait","Kuwait","PrimarySchool","G-07","A","IT","Semester-1","Father","Yes","Good","Above-7","LowLevel",2,19,10,50
"34","male","Kuwait","Kuwait","PrimarySchool","G-05","A","English","Semester-1","Father","No","Bad","Above-7","LowLevel",8,22,9,40
"35","male","Kuwait","Kuwait","MiddleSchool","G-07","B","Science","Semester-1","Father","No","Bad","Above-7","LowLevel",12,11,8,40
"36","male","Kuwait","Kuwait","MiddleSchool","G-07","A","English","Semester-1","Father","No","Bad","Above-7","LowLevel",10,12,17,30
"37","male","Kuwait","Kuwait","MiddleSchool","G-07","B","Science","Semester-1","Mother","Yes","Good","Above-7","LowLevel",8,6,4,22
"38","female","Egypt","Egypt","MiddleSchool","G-07","A","IT","Semester-1","Father","Yes","Good","Under-7","MiddleLevel",45,54,26,90
"39","male","Kuwait","Kuwait","MiddleSchool","G-06","A","IT","Semester-1","Father","No","Bad","Above-7","LowLevel",0,0,0,4
"40","female","SaudiArabia","SaudiArabia","MiddleSchool","G-07","B","Science","Semester-1","Father","Yes","Good","Under-7","MiddleLevel",50,90,37,70
"41","female","Kuwait","Kuwait","MiddleSchool","G-07","A","IT","Semester-1","Father","No","Bad","Above-7","LowLevel",14,13,3,70
"42","male","Kuwait","Kuwait","MiddleSchool","G-07","A","IT","Semester-1","Father","No","Good","Under-7","MiddleLevel",19,20,16,50
"43","male","Kuwait","Kuwait","HighSchool","G-09","A","IT","Semester-1","Father","Yes","Good","Above-7","LowLevel",10,12,7,33
"44","female","Kuwait","Kuwait","HighSchool","G-09","A","IT","Semester-1","Father","Yes","Good","Under-7","MiddleLevel",30,35,28,90
"45","female","Kuwait","Kuwait","HighSchool","G-09","A","IT","Semester-1","Father","No","Bad","Under-7","MiddleLevel",33,33,30,90
"46","male","Kuwait","Kuwait","MiddleSchool","G-07","A","Quran","Semester-1","Father","No","Good","Above-7","LowLevel",20,12,15,70
"47","male","Kuwait","Kuwait","PrimarySchool","G-05","A","English","Semester-1","Father","No","Bad","Above-7","LowLevel",7,10,1,30
"48","female","Kuwait","Kuwait","HighSchool","G-12","A","English","Semester-1","Mother","Yes","Good","Under-7","HighLevel",70,4,39,90
"49","female","Kuwait","Kuwait","HighSchool","G-12","A","English","Semester-1","Mother","Yes","Good","Under-7","HighLevel",13,80,40,88
"50","female","Kuwait","Kuwait","HighSchool","G-12","A","English","Semester-1","Father","Yes","Good","Under-7","MiddleLevel",29,39,50,77
"51","female","Kuwait","Kuwait","HighSchool","G-12","A","English","Semester-1","Father","No","Bad","Above-7","LowLevel",20,14,12,70
"52","male","Kuwait","Kuwait","HighSchool","G-12","A","English","Semester-1","Father","No","Good","Above-7","LowLevel",39,15,16,50
"53","female","Kuwait","Kuwait","HighSchool","G-12","A","English","Semester-1","Father","No","Bad","Under-7","MiddleLevel",55,90,16,40
"54","female","Kuwait","Kuwait","HighSchool","G-11","A","Science","Semester-1","Mother","Yes","Good","Under-7","HighLevel",49,70,19,75
"55","male","Kuwait","Kuwait","HighSchool","G-12","A","English","Semester-1","Mother","No","Bad","Above-7","LowLevel",12,50,8,30
"56","male","Kuwait","Kuwait","MiddleSchool","G-07","A","Math","Semester-1","Father","Yes","Good","Above-7","LowLevel",16,14,6,20
"57","male","USA","USA","MiddleSchool","G-08","B","Math","Semester-1","Father","Yes","Good","Above-7","LowLevel",19,5,4,1
"58","male","Kuwait","Kuwait","MiddleSchool","G-07","A","Math","Semester-1","Father","Yes","Good","Above-7","LowLevel",5,2,6,5
"59","male","Kuwait","Kuwait","MiddleSchool","G-07","A","Math","Semester-1","Father","Yes","Good","Under-7","MiddleLevel",28,60,19,50
"60","female","USA","USA","MiddleSchool","G-07","A","Math","Semester-1","Father","No","Good","Under-7","MiddleLevel",27,22,22,40
"61","female","Jordan","Jordan","PrimarySchool","G-05","A","English","Semester-1","Mother","No","Good","Above-7","LowLevel",21,10,28,20
"62","male","Kuwait","Kuwait","HighSchool","G-10","A","IT","Semester-1","Father","Yes","Good","Under-7","MiddleLevel",50,70,32,40
"63","male","Venzuela","Venzuela","HighSchool","G-10","A","IT","Semester-1","Mother","Yes","Good","Under-7","HighLevel",80,90,70,80
"64","male","Kuwait","Kuwait","HighSchool","G-10","A","IT","Semester-1","Father","Yes","Bad","Under-7","MiddleLevel",17,13,16,12
"65","male","Kuwait","Kuwait","HighSchool","G-10","A","IT","Semester-1","Father","No","Bad","Above-7","LowLevel",0,5,7,2
"66","male","Kuwait","Kuwait","HighSchool","G-12","A","English","Semester-1","Father","No","Bad","Above-7","LowLevel",13,5,18,19
"67","female","Kuwait","Kuwait","HighSchool","G-12","A","English","Semester-1","Father","No","Bad","Above-7","MiddleLevel",25,10,19,30
"68","female","USA","USA","HighSchool","G-12","A","English","Semester-1","Mother","Yes","Good","Under-7","HighLevel",65,75,23,80
"69","female","USA","USA","HighSchool","G-12","A","IT","Semester-1","Mother","Yes","Good","Under-7","HighLevel",70,69,35,30
"70","male","Jordan","Jordan","MiddleSchool","G-07","A","IT","Semester-1","Father","No","Bad","Under-7","MiddleLevel",39,40,11,33
"71","male","Jordan","Jordan","MiddleSchool","G-07","A","IT","Semester-1","Father","Yes","Good","Above-7","LowLevel",22,30,10,12
"72","male","Kuwait","Kuwait","MiddleSchool","G-07","A","IT","Semester-1","Father","Yes","Good","Under-7","MiddleLevel",29,22,9,20
"73","male","Kuwait","Kuwait","MiddleSchool","G-07","A","Math","Semester-1","Father","No","Bad","Under-7","LowLevel",11,2,2,8
"74","female","Kuwait","Kuwait","MiddleSchool","G-07","A","English","Semester-1","Father","Yes","Bad","Above-7","MiddleLevel",19,30,26,19
"75","male","Kuwait","Kuwait","MiddleSchool","G-07","B","IT","Semester-1","Father","No","Bad","Under-7","LowLevel",12,0,6,13
"76","male","Jordan","Jordan","MiddleSchool","G-07","A","Quran","Semester-1","Mother","Yes","Good","Under-7","MiddleLevel",50,90,29,60
"77","male","Iran","Iran","HighSchool","G-09","A","IT","Semester-1","Mother","Yes","Good","Under-7","MiddleLevel",15,70,37,44
"78","male","Kuwait","Kuwait","HighSchool","G-09","A","IT","Semester-1","Father","Yes","Good","Under-7","MiddleLevel",20,80,33,33
"79","male","Kuwait","Kuwait","HighSchool","G-11","A","Quran","Semester-1","Father","No","Bad","Above-7","LowLevel",13,3,11,9
"80","female","Lebanon","Lebanon","MiddleSchool","G-07","B","Math","Semester-1","Mother","Yes","Bad","Under-7","HighLevel",80,90,49,55
"81","male","Kuwait","Kuwait","MiddleSchool","G-07","A","Math","Semester-1","Father","Yes","Bad","Under-7","LowLevel",8,15,10,40
"82","male","Kuwait","Kuwait","PrimarySchool","G-02","A","IT","Semester-1","Father","No","Bad","Above-7","LowLevel",8,25,1,70
"83","male","Kuwait","Kuwait","PrimarySchool","G-02","B","IT","Semester-1","Father","Yes","Good","Above-7","LowLevel",7,5,2,80
"84","male","Kuwait","Kuwait","PrimarySchool","G-02","B","IT","Semester-1","Father","No","Good","Above-7","MiddleLevel",7,4,10,50
"85","male","Kuwait","Kuwait","PrimarySchool","G-02","B","IT","Semester-1","Father","Yes","Good","Above-7","HighLevel",50,70,50,10
"86","male","Kuwait","Kuwait","PrimarySchool","G-02","B","IT","Semester-1","Father","No","Bad","Above-7","LowLevel",1,0,1,12
"87","male","SaudiArabia","SaudiArabia","PrimarySchool","G-02","B","IT","Semester-1","Father","Yes","Good","Under-7","HighLevel",70,12,40,50
"88","male","Kuwait","Kuwait","PrimarySchool","G-02","B","IT","Semester-1","Father","No","Bad","Under-7","LowLevel",19,70,3,50
"89","female","Kuwait","Kuwait","PrimarySchool","G-02","B","IT","Semester-1","Father","No","Bad","Under-7","LowLevel",3,12,4,33
"90","male","Kuwait","Kuwait","PrimarySchool","G-02","B","IT","Semester-1","Father","Yes","Good","Above-7","LowLevel",5,20,1,50
"91","male","Kuwait","Kuwait","PrimarySchool","G-02","B","IT","Semester-1","Father","Yes","Good","Above-7","LowLevel",4,8,10,60
"92","male","Kuwait","Kuwait","PrimarySchool","G-02","B","IT","Semester-1","Father","Yes","Good","Under-7","HighLevel",80,90,55,19
"93","female","Kuwait","Kuwait","PrimarySchool","G-02","B","IT","Semester-1","Father","Yes","Good","Under-7","HighLevel",50,70,19,15
"94","male","USA","USA","PrimarySchool","G-02","B","IT","Semester-1","Father","Yes","Good","Under-7","HighLevel",55,89,40,40
"95","female","Kuwait","Kuwait","PrimarySchool","G-02","B","IT","Semester-1","Father","No","Good","Above-7","LowLevel",80,44,35,10
"96","female","Kuwait","Kuwait","PrimarySchool","G-02","B","IT","Semester-1","Father","No","Bad","Under-7","HighLevel",100,80,2,70
"97","female","Kuwait","Kuwait","PrimarySchool","G-02","C","IT","Semester-1","Father","Yes","Good","Under-7","HighLevel",14,60,11,75
"98","female","Kuwait","Kuwait","PrimarySchool","G-02","B","IT","Semester-1","Father","No","Bad","Under-7","MiddleLevel",6,2,38,12
"99","female","Kuwait","Kuwait","PrimarySchool","G-02","C","IT","Semester-1","Father","No","Bad","Under-7","MiddleLevel",10,3,0,30
"100","male","Kuwait","Kuwait","PrimarySchool","G-02","B","IT","Semester-1","Father","Yes","Bad","Above-7","MiddleLevel",50,7,9,50
"101","male","Kuwait","Kuwait","PrimarySchool","G-02","B","IT","Semester-1","Father","Yes","Bad","Under-7","MiddleLevel",50,90,40,90
"102","female","Kuwait","Kuwait","PrimarySchool","G-02","B","IT","Semester-1","Mother","Yes","Good","Under-7","HighLevel",70,92,50,7
"103","female","Kuwait","Kuwait","PrimarySchool","G-02","B","IT","Semester-1","Father","No","Bad","Above-7","LowLevel",2,6,2,8
"104","male","Kuwait","Kuwait","PrimarySchool","G-02","B","IT","Semester-1","Father","No","Bad","Above-7","LowLevel",1,7,6,10
"105","male","Kuwait","Kuwait","PrimarySchool","G-02","B","IT","Semester-1","Father","Yes","Good","Above-7","MiddleLevel",0,12,3,3
"106","female","Kuwait","Kuwait","PrimarySchool","G-02","B","IT","Semester-1","Father","Yes","Good","Above-7","LowLevel",0,0,5,80
"107","female","Kuwait","Kuwait","PrimarySchool","G-02","B","IT","Semester-1","Father","Yes","Good","Under-7","MiddleLevel",12,26,7,40
"108","male","Kuwait","Kuwait","PrimarySchool","G-02","B","IT","Semester-1","Father","Yes","Bad","Under-7","HighLevel",70,90,41,33
"109","male","SaudiArabia","SaudiArabia","PrimarySchool","G-02","B","IT","Semester-1","Father","No","Bad","Above-7","MiddleLevel",7,12,5,3
"110","male","Kuwait","Kuwait","PrimarySchool","G-02","B","IT","Semester-1","Father","No","Bad","Under-7","MiddleLevel",90,70,30,14
"111","female","Jordan","Jordan","PrimarySchool","G-02","B","IT","Semester-1","Mother","Yes","Good","Under-7","HighLevel",70,88,55,40
"112","male","Kuwait","Kuwait","PrimarySchool","G-02","C","IT","Semester-1","Father","No","Good","Under-7","MiddleLevel",77,80,51,80
"113","male","Kuwait","Kuwait","PrimarySchool","G-02","B","IT","Semester-1","Father","No","Bad","Above-7","LowLevel",2,5,3,50
"114","male","Kuwait","Kuwait","PrimarySchool","G-02","B","IT","Semester-1","Father","No","Bad","Above-7","LowLevel",25,27,0,69
"115","male","Kuwait","Kuwait","PrimarySchool","G-02","B","IT","Semester-1","Father","No","Bad","Above-7","LowLevel",11,2,0,50
"116","male","Kuwait","Kuwait","PrimarySchool","G-02","B","IT","Semester-1","Father","Yes","Good","Above-7","LowLevel",0,8,11,70
"117","female","Kuwait","Kuwait","PrimarySchool","G-02","C","IT","Semester-1","Mother","Yes","Good","Above-7","MiddleLevel",77,80,12,19
"118","female","Kuwait","Kuwait","PrimarySchool","G-02","C","IT","Semester-1","Mother","No","Good","Under-7","HighLevel",25,29,40,17
"119","female","Kuwait","Kuwait","PrimarySchool","G-02","C","IT","Semester-1","Mother","Yes","Good","Above-7","MiddleLevel",24,35,23,22
"120","male","Kuwait","Kuwait","PrimarySchool","G-02","C","IT","Semester-1","Father","No","Bad","Under-7","MiddleLevel",60,60,3,60
"121","male","Kuwait","Kuwait","PrimarySchool","G-02","C","IT","Semester-1","Mother","Yes","Good","Under-7","MiddleLevel",21,12,0,50
"122","male","Kuwait","Kuwait","PrimarySchool","G-02","C","IT","Semester-1","Mother","No","Bad","Above-7","LowLevel",0,4,8,30
"123","female","Kuwait","Kuwait","PrimarySchool","G-02","B","IT","Semester-1","Father","Yes","Good","Above-7","MiddleLevel",66,90,55,12
"124","female","Lebanon","Lebanon","PrimarySchool","G-02","B","IT","Semester-1","Father","Yes","Good","Under-7","MiddleLevel",70,98,7,5
"125","male","Kuwait","Kuwait","PrimarySchool","G-02","C","IT","Semester-1","Father","Yes","Bad","Under-7","LowLevel",0,6,4,15
"126","male","Kuwait","Kuwait","PrimarySchool","G-02","B","IT","Semester-1","Father","No","Good","Above-7","LowLevel",12,30,0,17
"127","female","Iran","Iran","PrimarySchool","G-02","C","IT","Semester-1","Father","Yes","Good","Under-7","MiddleLevel",2,9,7,55
"128","male","Kuwait","Kuwait","PrimarySchool","G-02","B","IT","Semester-1","Father","No","Bad","Above-7","LowLevel",55,33,6,9
"129","male","Kuwait","Kuwait","PrimarySchool","G-02","C","IT","Semester-1","Father","No","Bad","Under-7","LowLevel",12,10,20,16
"130","male","Kuwait","Kuwait","PrimarySchool","G-02","B","IT","Semester-1","Father","Yes","Good","Under-7","LowLevel",70,90,2,2
"131","female","Kuwait","Kuwait","PrimarySchool","G-02","C","IT","Semester-1","Father","No","Bad","Above-7","LowLevel",7,9,5,30
"132","male","Jordan","Jordan","PrimarySchool","G-02","C","IT","Semester-1","Father","Yes","Good","Under-7","MiddleLevel",80,42,20,50
"133","male","Kuwait","Kuwait","PrimarySchool","G-02","C","IT","Semester-2","Father","No","Bad","Above-7","LowLevel",0,3,10,3
"134","male","Kuwait","Kuwait","PrimarySchool","G-02","A","IT","Semester-2","Father","Yes","Good","Above-7","LowLevel",12,60,0,70
"135","male","Kuwait","Kuwait","MiddleSchool","G-07","A","Quran","Semester-2","Father","Yes","Good","Under-7","HighLevel",80,80,15,70
"136","female","Egypt","Egypt","MiddleSchool","G-07","A","Quran","Semester-2","Mother","Yes","Good","Under-7","HighLevel",70,80,95,70
"137","female","Kuwait","USA","HighSchool","G-11","A","Quran","Semester-2","Mother","Yes","Good","Under-7","HighLevel",70,80,95,70
"138","female","Kuwait","USA","HighSchool","G-11","A","Quran","Semester-1","Mother","No","Bad","Under-7","MiddleLevel",60,80,50,40
"139","female","Jordan","Egypt","MiddleSchool","G-07","A","Quran","Semester-1","Mother","No","Bad","Under-7","HighLevel",100,80,95,90
"140","male","Jordan","USA","MiddleSchool","G-07","A","Quran","Semester-1","Mother","No","Bad","Under-7","MiddleLevel",100,85,85,70
"141","male","Tunis","Tunis","MiddleSchool","G-07","A","Quran","Semester-1","Father","Yes","Bad","Above-7","LowLevel",10,60,5,20
"142","male","Tunis","Tunis","MiddleSchool","G-07","A","Quran","Semester-2","Father","No","Bad","Above-7","LowLevel",19,65,50,10
"143","male","Tunis","Tunis","MiddleSchool","G-07","A","Quran","Semester-2","Father","Yes","Good","Under-7","MiddleLevel",10,75,55,11
"144","male","Kuwait","Kuwait","MiddleSchool","G-07","A","Quran","Semester-2","Father","Yes","Good","Under-7","HighLevel",80,90,55,19
"145","male","Kuwait","Kuwait","MiddleSchool","G-07","A","Quran","Semester-2","Father","No","Bad","Above-7","LowLevel",10,10,15,19
"146","male","Tunis","SaudiArabia","MiddleSchool","G-07","A","Quran","Semester-2","Father","Yes","Bad","Under-7","MiddleLevel",70,75,55,11
"147","female","Lebanon","Lebanon","MiddleSchool","G-07","A","Quran","Semester-2","Mother","Yes","Good","Under-7","HighLevel",100,75,50,70
"148","female","Lebanon","Lebanon","MiddleSchool","G-07","A","Quran","Semester-2","Father","No","Bad","Under-7","MiddleLevel",10,79,30,30
"149","female","Jordan","Jordan","MiddleSchool","G-07","A","Quran","Semester-2","Father","No","Bad","Under-7","MiddleLevel",60,55,30,40
"150","female","Jordan","Lebanon","MiddleSchool","G-07","A","Quran","Semester-2","Mother","Yes","Bad","Under-7","HighLevel",100,75,50,70
"151","male","SaudiArabia","SaudiArabia","HighSchool","G-11","A","Quran","Semester-2","Father","Yes","Good","Under-7","HighLevel",80,80,51,59
"152","male","SaudiArabia","USA","HighSchool","G-11","A","Science","Semester-2","Father","Yes","Good","Under-7","MiddleLevel",23,63,71,89
"153","female","SaudiArabia","USA","HighSchool","G-11","B","Science","Semester-2","Father","Yes","Bad","Under-7","HighLevel",100,91,98,40
"154","male","SaudiArabia","USA","HighSchool","G-11","B","Spanish","Semester-2","Father","No","Bad","Above-7","LowLevel",10,51,40,40
"155","male","SaudiArabia","USA","HighSchool","G-11","B","English","Semester-2","Father","No","Bad","Above-7","MiddleLevel",70,50,33,41
"156","male","SaudiArabia","USA","HighSchool","G-11","B","Math","Semester-2","Father","Yes","Bad","Under-7","HighLevel",70,58,73,91
"157","female","Tunis","USA","HighSchool","G-11","B","French","Semester-2","Father","Yes","Good","Under-7","MiddleLevel",70,50,30,49
"158","male","Tunis","Tunis","HighSchool","G-11","B","Science","Semester-2","Father","No","Good","Under-7","MiddleLevel",70,50,33,40
"159","male","Tunis","Kuwait","MiddleSchool","G-07","B","Science","Semester-2","Father","No","Bad","Above-7","LowLevel",22,51,48,10
"160","female","Kuwait","Kuwait","MiddleSchool","G-07","B","Science","Semester-2","Father","Yes","Good","Under-7","MiddleLevel",62,68,48,80
"161","female","Jordan","Jordan","MiddleSchool","G-07","B","Science","Semester-2","Mother","Yes","Good","Under-7","HighLevel",82,89,58,50
"162","male","Jordan","Jordan","MiddleSchool","G-07","B","Science","Semester-2","Mother","No","Bad","Under-7","MiddleLevel",72,80,58,66
"163","female","Jordan","Jordan","PrimarySchool","G-02","B","French","Semester-2","Mother","No","Bad","Under-7","HighLevel",70,82,3,73
"164","female","Jordan","USA","PrimarySchool","G-02","B","French","Semester-2","Mother","No","Bad","Above-7","MiddleLevel",60,82,93,43
"165","male","Jordan","Jordan","PrimarySchool","G-02","B","French","Semester-2","Mother","Yes","Good","Above-7","MiddleLevel",55,72,83,14
"166","female","Morocco","Morocco","PrimarySchool","G-02","B","French","Semester-2","Mother","Yes","Good","Under-7","HighLevel",72,65,73,66
"167","male","Kuwait","Kuwait","PrimarySchool","G-02","B","French","Semester-2","Mother","No","Bad","Under-7","MiddleLevel",51,82,53,43
"168","male","Tunis","Tunis","PrimarySchool","G-02","B","French","Semester-2","Mother","Yes","Good","Under-7","HighLevel",80,92,83,43
"169","male","Kuwait","Kuwait","PrimarySchool","G-02","B","French","Semester-2","Mother","Yes","Good","Under-7","HighLevel",60,52,23,33
"170","male","Kuwait","Kuwait","PrimarySchool","G-02","B","French","Semester-2","Mother","No","Bad","Under-7","MiddleLevel",30,12,29,23
"171","male","Kuwait","Kuwait","PrimarySchool","G-02","B","French","Semester-2","Father","Yes","Good","Under-7","HighLevel",40,62,83,33
"172","male","Kuwait","Kuwait","PrimarySchool","G-02","B","French","Semester-2","Mother","No","Good","Under-7","MiddleLevel",60,52,23,33
"173","male","Iran","Iran","PrimarySchool","G-02","B","French","Semester-2","Mother","No","Good","Above-7","LowLevel",20,22,53,13
"174","male","Syria","Syria","PrimarySchool","G-02","B","French","Semester-2","Mother","Yes","Good","Above-7","LowLevel",20,52,23,33
"175","female","Jordan","Jordan","PrimarySchool","G-02","B","French","Semester-2","Father","Yes","Bad","Above-7","MiddleLevel",50,62,73,43
"176","male","Iran","Iran","PrimarySchool","G-02","B","French","Semester-2","Father","No","Bad","Above-7","LowLevel",10,2,13,53
"177","male","Tunis","Tunis","PrimarySchool","G-02","B","French","Semester-2","Mother","Yes","Bad","Under-7","HighLevel",60,52,23,33
"178","female","USA","USA","PrimarySchool","G-02","B","French","Semester-2","Mother","Yes","Bad","Under-7","MiddleLevel",15,52,83,11
"179","female","Lebanon","Lebanon","PrimarySchool","G-02","B","French","Semester-2","Mother","Yes","Bad","Under-7","HighLevel",80,42,33,13
"180","male","Lebanon","Lebanon","PrimarySchool","G-02","B","French","Semester-2","Mother","No","Bad","Under-7","MiddleLevel",40,51,20,33
"181","female","SaudiArabia","SaudiArabia","PrimarySchool","G-02","B","French","Semester-2","Father","Yes","Bad","Under-7","HighLevel",60,70,63,93
"182","male","Jordan","Jordan","PrimarySchool","G-02","B","French","Semester-2","Father","No","Bad","Above-7","LowLevel",50,62,13,33
"183","male","Kuwait","Kuwait","MiddleSchool","G-08","A","Arabic","Semester-2","Mother","Yes","Bad","Under-7","HighLevel",85,75,62,53
"184","female","Lebanon","Lebanon","MiddleSchool","G-08","A","Arabic","Semester-2","Father","No","Bad","Under-7","MiddleLevel",25,15,32,53
"185","male","Lebanon","Lebanon","MiddleSchool","G-08","A","Arabic","Semester-2","Mother","No","Bad","Above-7","LowLevel",10,35,30,13
"186","male","Lebanon","Jordan","MiddleSchool","G-08","A","Arabic","Semester-2","Mother","Yes","Good","Under-7","HighLevel",87,65,82,33
"187","male","Kuwait","Kuwait","MiddleSchool","G-08","A","Arabic","Semester-2","Mother","Yes","Good","Under-7","MiddleLevel",85,15,22,53
"188","female","Kuwait","Kuwait","MiddleSchool","G-08","A","Arabic","Semester-2","Father","Yes","Good","Under-7","MiddleLevel",80,71,52,51
"189","male","Kuwait","Kuwait","MiddleSchool","G-08","A","Arabic","Semester-2","Mother","Yes","Good","Under-7","HighLevel",75,71,72,53
"190","female","Kuwait","Kuwait","MiddleSchool","G-08","A","Arabic","Semester-2","Father","No","Bad","Under-7","MiddleLevel",85,66,12,23
"191","male","Kuwait","Kuwait","MiddleSchool","G-08","A","Arabic","Semester-2","Father","No","Bad","Under-7","LowLevel",23,25,32,53
"192","male","Kuwait","Kuwait","MiddleSchool","G-08","A","Arabic","Semester-2","Father","Yes","Good","Above-7","LowLevel",15,25,37,13
"193","male","Kuwait","Kuwait","MiddleSchool","G-08","A","Arabic","Semester-2","Mother","Yes","Good","Under-7","MiddleLevel",95,91,62,53
"194","male","Morocco","Morocco","MiddleSchool","G-08","A","Arabic","Semester-2","Mother","No","Bad","Under-7","MiddleLevel",81,75,62,53
"195","male","Morocco","Morocco","MiddleSchool","G-08","A","Arabic","Semester-2","Mother","No","Bad","Under-7","MiddleLevel",53,75,72,23
"196","male","Kuwait","Kuwait","MiddleSchool","G-08","A","Arabic","Semester-2","Father","Yes","Good","Under-7","MiddleLevel",15,43,42,33
"197","male","Kuwait","Kuwait","MiddleSchool","G-08","A","Arabic","Semester-2","Mother","Yes","Good","Under-7","HighLevel",92,65,62,53
"198","male","Kuwait","Kuwait","MiddleSchool","G-08","A","Arabic","Semester-2","Mother","No","Bad","Under-7","HighLevel",83,75,62,53
"199","male","Morocco","Morocco","MiddleSchool","G-08","B","Arabic","Semester-2","Father","No","Bad","Above-7","LowLevel",27,15,42,53
"200","male","Kuwait","Kuwait","MiddleSchool","G-08","B","Arabic","Semester-2","Father","No","Bad","Under-7","MiddleLevel",45,95,12,13
"201","male","Kuwait","Kuwait","MiddleSchool","G-08","B","Arabic","Semester-2","Mother","Yes","Bad","Under-7","HighLevel",15,90,52,83
"202","female","Lebanon","Lebanon","MiddleSchool","G-08","A","Arabic","Semester-2","Mother","Yes","Good","Under-7","HighLevel",45,58,52,43
"203","male","Kuwait","Kuwait","MiddleSchool","G-08","B","Arabic","Semester-2","Father","Yes","Good","Under-7","MiddleLevel",25,5,12,33
"204","female","Kuwait","Kuwait","MiddleSchool","G-08","B","Arabic","Semester-2","Father","Yes","Bad","Under-7","MiddleLevel",22,51,42,40
"205","male","Jordan","Jordan","MiddleSchool","G-08","B","Arabic","Semester-2","Father","No","Bad","Above-7","LowLevel",29,10,12,24
"206","female","SaudiArabia","SaudiArabia","MiddleSchool","G-08","B","Arabic","Semester-2","Mother","Yes","Bad","Above-7","HighLevel",72,51,42,24
"207","male","Kuwait","Kuwait","MiddleSchool","G-08","B","Arabic","Semester-2","Father","Yes","Good","Under-7","MiddleLevel",67,31,42,14
"208","male","Kuwait","Kuwait","MiddleSchool","G-08","C","Spanish","Semester-2","Father","Yes","Good","Under-7","MiddleLevel",17,21,42,14
"209","male","Tunis","Tunis","MiddleSchool","G-08","C","Spanish","Semester-2","Mother","No","Bad","Under-7","MiddleLevel",27,41,49,14
"210","male","Kuwait","Kuwait","MiddleSchool","G-08","C","Spanish","Semester-2","Father","No","Bad","Under-7","MiddleLevel",70,81,39,84
"211","male","Jordan","SaudiArabia","MiddleSchool","G-08","C","Spanish","Semester-2","Mother","Yes","Good","Under-7","HighLevel",27,90,82,14
"212","male","Kuwait","Kuwait","MiddleSchool","G-08","C","Spanish","Semester-2","Father","No","Bad","Under-7","MiddleLevel",17,61,42,14
"213","male","Tunis","Tunis","MiddleSchool","G-08","C","Spanish","Semester-2","Mother","Yes","Good","Under-7","HighLevel",87,81,42,19
"214","male","Tunis","Tunis","MiddleSchool","G-08","C","Spanish","Semester-2","Father","No","Bad","Above-7","LowLevel",7,61,22,14
"215","male","Kuwait","Kuwait","MiddleSchool","G-08","C","Spanish","Semester-2","Father","No","Bad","Above-7","LowLevel",17,50,2,4
"216","male","Kuwait","Kuwait","MiddleSchool","G-08","C","Spanish","Semester-2","Father","No","Good","Above-7","LowLevel",5,21,42,14
"217","male","Iran","Iran","MiddleSchool","G-08","C","Spanish","Semester-2","Mother","Yes","Bad","Above-7","MiddleLevel",27,41,32,61
"218","female","Jordan","Kuwait","MiddleSchool","G-08","C","Spanish","Semester-2","Father","Yes","Good","Under-7","MiddleLevel",87,88,40,10
"219","male","Kuwait","Kuwait","MiddleSchool","G-08","C","Spanish","Semester-2","Mother","Yes","Bad","Under-7","HighLevel",96,61,42,94
"220","male","Kuwait","Kuwait","MiddleSchool","G-08","C","Spanish","Semester-2","Mother","Yes","Good","Under-7","MiddleLevel",57,51,46,34
"221","male","Lebanon","Lebanon","MiddleSchool","G-08","C","Spanish","Semester-2","Father","Yes","Good","Under-7","MiddleLevel",77,69,41,13
"222","male","Lebanon","Lebanon","MiddleSchool","G-08","C","Spanish","Semester-2","Father","No","Good","Under-7","MiddleLevel",80,51,40,24
"223","male","Kuwait","Kuwait","MiddleSchool","G-08","B","Spanish","Semester-2","Father","Yes","Bad","Under-7","MiddleLevel",62,61,82,40
"224","male","Kuwait","Kuwait","MiddleSchool","G-08","A","Spanish","Semester-2","Mother","Yes","Good","Under-7","HighLevel",72,83,12,90
"225","male","Kuwait","Kuwait","MiddleSchool","G-08","B","Spanish","Semester-2","Mother","Yes","Bad","Under-7","HighLevel",87,81,22,70
"226","male","Kuwait","Kuwait","MiddleSchool","G-08","A","Spanish","Semester-2","Mother","No","Bad","Under-7","MiddleLevel",72,90,12,30
"227","male","Kuwait","Kuwait","MiddleSchool","G-08","B","Spanish","Semester-2","Father","No","Bad","Under-7","LowLevel",2,11,62,30
"228","male","Kuwait","Kuwait","MiddleSchool","G-08","A","Spanish","Semester-2","Father","Yes","Good","Under-7","LowLevel",5,3,2,10
"229","male","Kuwait","Kuwait","HighSchool","G-11","B","Math","Semester-2","Mother","Yes","Good","Above-7","HighLevel",73,84,77,81
"230","male","Kuwait","Kuwait","MiddleSchool","G-08","A","Spanish","Semester-2","Father","No","Bad","Above-7","LowLevel",5,17,21,10
"231","male","Iran","Iran","MiddleSchool","G-08","A","Spanish","Semester-2","Mother","No","Bad","Above-7","MiddleLevel",51,42,12,29
"232","male","Syria","Jordan","MiddleSchool","G-08","A","Spanish","Semester-2","Father","Yes","Good","Above-7","LowLevel",9,7,21,20
"233","male","Syria","Syria","MiddleSchool","G-07","A","Quran","Semester-1","Father","Yes","Good","Above-7","MiddleLevel",19,72,15,50
"234","female","Jordan","Jordan","MiddleSchool","G-07","B","Science","Semester-2","Mother","Yes","Good","Above-7","MiddleLevel",32,80,58,46
"235","male","Kuwait","Kuwait","MiddleSchool","G-07","B","Science","Semester-2","Mother","Yes","Good","Above-7","MiddleLevel",32,60,58,66
"236","male","Kuwait","Kuwait","MiddleSchool","G-07","B","Science","Semester-2","Father","No","Bad","Above-7","LowLevel",12,8,18,26
"237","male","Jordan","Jordan","MiddleSchool","G-07","B","Science","Semester-2","Father","No","Bad","Above-7","LowLevel",52,10,13,6
"238","male","Kuwait","Kuwait","MiddleSchool","G-07","B","Science","Semester-2","Father","Yes","Good","Above-7","MiddleLevel",72,80,58,66
"239","female","Kuwait","Kuwait","MiddleSchool","G-07","B","Science","Semester-2","Mother","Yes","Good","Above-7","MiddleLevel",72,80,58,66
"240","male","Egypt","Egypt","MiddleSchool","G-07","B","Science","Semester-2","Mother","Yes","Good","Under-7","HighLevel",92,80,88,76
"241","male","Kuwait","Kuwait","MiddleSchool","G-07","B","Science","Semester-2","Mother","Yes","Bad","Under-7","HighLevel",72,80,98,96
"242","male","Egypt","Egypt","MiddleSchool","G-07","B","Science","Semester-2","Father","Yes","Good","Under-7","MiddleLevel",72,80,58,86
"243","male","Kuwait","Kuwait","MiddleSchool","G-07","B","Science","Semester-2","Father","No","Bad","Above-7","LowLevel",22,20,18,6
"244","male","Egypt","Kuwait","MiddleSchool","G-07","B","Science","Semester-2","Father","No","Bad","Above-7","MiddleLevel",12,20,38,46
"245","male","Kuwait","Kuwait","MiddleSchool","G-07","B","IT","Semester-2","Mother","Yes","Bad","Under-7","HighLevel",70,92,83,85
"246","female","Kuwait","Kuwait","MiddleSchool","G-06","A","IT","Semester-2","Father","Yes","Bad","Under-7","MiddleLevel",50,40,52,66
"247","female","Kuwait","Kuwait","MiddleSchool","G-06","A","Science","Semester-2","Father","Yes","Good","Under-7","HighLevel",80,94,62,77
"248","female","Kuwait","Kuwait","MiddleSchool","G-06","A","Math","Semester-2","Father","No","Bad","Above-7","MiddleLevel",87,48,82,96
"249","female","Kuwait","Kuwait","MiddleSchool","G-06","A","Quran","Semester-2","Father","No","Bad","Above-7","LowLevel",70,40,2,16
"250","male","Kuwait","Kuwait","PrimarySchool","G-04","A","IT","Semester-2","Father","No","Good","Above-7","MiddleLevel",65,86,62,40
"251","male","Kuwait","Kuwait","PrimarySchool","G-04","A","Math","Semester-2","Father","Yes","Good","Under-7","HighLevel",15,6,32,40
"252","male","Egypt","Egypt","PrimarySchool","G-04","A","English","Semester-2","Mother","No","Good","Above-7","LowLevel",19,74,32,17
"253","female","Kuwait","Kuwait","PrimarySchool","G-04","A","Science","Semester-2","Father","No","Bad","Under-7","MiddleLevel",69,76,82,94
"254","male","Kuwait","Kuwait","PrimarySchool","G-04","A","Arabic","Semester-2","Father","No","Bad","Above-7","LowLevel",39,26,12,44
"255","male","Kuwait","Kuwait","PrimarySchool","G-04","A","English","Semester-2","Father","Yes","Good","Under-7","HighLevel",59,97,42,70
"256","male","Kuwait","Kuwait","PrimarySchool","G-04","A","History","Semester-2","Father","Yes","Good","Under-7","HighLevel",10,17,12,40
"257","female","Kuwait","Kuwait","PrimarySchool","G-04","A","History","Semester-2","Mother","No","Good","Under-7","HighLevel",80,87,72,60
"258","female","Kuwait","Kuwait","PrimarySchool","G-04","A","History","Semester-2","Father","No","Good","Under-7","MiddleLevel",70,99,66,65
"259","female","Kuwait","Kuwait","PrimarySchool","G-04","A","History","Semester-2","Father","Yes","Good","Under-7","MiddleLevel",80,97,86,95
"260","male","Kuwait","Kuwait","PrimarySchool","G-04","A","English","Semester-2","Mother","No","Bad","Above-7","LowLevel",69,34,12,17
"261","male","Kuwait","Kuwait","PrimarySchool","G-04","A","History","Semester-2","Father","No","Bad","Above-7","LowLevel",10,17,12,14
"262","male","Kuwait","Kuwait","PrimarySchool","G-04","A","History","Semester-2","Father","Yes","Bad","Above-7","MiddleLevel",61,97,82,64
"263","female","Kuwait","Kuwait","PrimarySchool","G-04","A","History","Semester-2","Mother","Yes","Good","Above-7","MiddleLevel",21,27,52,34
"264","male","Egypt","Egypt","PrimarySchool","G-04","A","Math","Semester-2","Mother","No","Bad","Above-7","MiddleLevel",49,94,42,7
"265","female","Jordan","Jordan","MiddleSchool","G-06","A","English","Semester-1","Mother","No","Bad","Under-7","MiddleLevel",70,64,42,32
"266","female","Jordan","Jordan","MiddleSchool","G-06","A","English","Semester-2","Mother","No","Bad","Under-7","HighLevel",79,84,82,37
"267","male","Jordan","Jordan","MiddleSchool","G-06","A","English","Semester-1","Father","Yes","Good","Above-7","MiddleLevel",19,80,12,17
"268","male","Jordan","Jordan","MiddleSchool","G-06","A","English","Semester-2","Father","Yes","Good","Above-7","MiddleLevel",11,70,32,29
"269","male","Jordan","Jordan","MiddleSchool","G-06","A","English","Semester-1","Father","Yes","Bad","Above-7","MiddleLevel",10,8,10,10
"270","male","Jordan","Jordan","MiddleSchool","G-06","A","English","Semester-2","Father","Yes","Bad","Above-7","MiddleLevel",18,28,40,20
"271","female","Jordan","Jordan","MiddleSchool","G-06","A","English","Semester-1","Mother","No","Good","Under-7","HighLevel",90,84,52,30
"272","female","Jordan","Jordan","MiddleSchool","G-06","A","English","Semester-2","Mother","No","Good","Under-7","MiddleLevel",92,81,32,36
"273","male","Jordan","Jordan","MiddleSchool","G-06","A","English","Semester-1","Father","No","Bad","Under-7","MiddleLevel",42,21,2,16
"274","male","Jordan","Jordan","MiddleSchool","G-06","A","English","Semester-2","Father","No","Bad","Under-7","HighLevel",22,20,6,26
"275","female","Lebanon","Lebanon","MiddleSchool","G-06","A","English","Semester-1","Mother","Yes","Good","Under-7","HighLevel",95,82,82,70
"276","female","Lebanon","Lebanon","MiddleSchool","G-06","A","English","Semester-2","Mother","Yes","Good","Under-7","HighLevel",90,62,80,60
"277","male","Palestine","Jordan","MiddleSchool","G-06","A","English","Semester-1","Mother","Yes","Good","Under-7","HighLevel",72,21,22,26
"278","male","Palestine","Jordan","MiddleSchool","G-06","A","English","Semester-2","Mother","Yes","Good","Under-7","HighLevel",92,31,42,27
"279","male","Palestine","Jordan","MiddleSchool","G-06","A","English","Semester-1","Mother","No","Good","Under-7","MiddleLevel",82,31,52,25
"280","male","Palestine","Jordan","MiddleSchool","G-06","A","English","Semester-2","Mother","No","Good","Under-7","MiddleLevel",72,41,46,27
"281","male","Iraq","Iraq","MiddleSchool","G-06","A","English","Semester-1","Mother","No","Good","Under-7","HighLevel",74,71,56,37
"282","male","Iraq","Iraq","MiddleSchool","G-06","A","English","Semester-2","Mother","No","Good","Under-7","HighLevel",74,60,56,37
"283","female","Jordan","Jordan","MiddleSchool","G-06","A","English","Semester-1","Mother","No","Good","Under-7","HighLevel",95,94,72,80
"284","female","Jordan","Jordan","MiddleSchool","G-06","A","English","Semester-2","Mother","No","Good","Under-7","HighLevel",97,87,82,86
"285","male","Jordan","Jordan","MiddleSchool","G-06","A","English","Semester-1","Father","No","Bad","Above-7","MiddleLevel",40,38,32,36
"286","male","Jordan","Jordan","MiddleSchool","G-06","A","English","Semester-2","Father","Yes","Bad","Above-7","MiddleLevel",41,39,35,39
"287","female","Jordan","Jordan","MiddleSchool","G-06","A","English","Semester-1","Mother","Yes","Good","Under-7","HighLevel",51,79,85,89
"288","female","Jordan","Jordan","MiddleSchool","G-06","A","English","Semester-2","Mother","Yes","Good","Under-7","HighLevel",81,79,91,85
"289","male","Palestine","Jordan","MiddleSchool","G-06","A","English","Semester-1","Mother","Yes","Good","Under-7","MiddleLevel",71,70,65,69
"290","male","Palestine","Jordan","MiddleSchool","G-06","A","English","Semester-2","Mother","Yes","Good","Under-7","MiddleLevel",75,71,76,80
"291","female","Jordan","Jordan","PrimarySchool","G-04","A","Science","Semester-1","Father","No","Bad","Above-7","LowLevel",49,36,32,44
"292","female","Jordan","Jordan","PrimarySchool","G-04","A","Science","Semester-2","Father","No","Bad","Above-7","LowLevel",42,24,12,24
"293","female","Palestine","Palestine","PrimarySchool","G-04","A","Science","Semester-1","Mother","Yes","Good","Under-7","HighLevel",90,86,82,74
"294","female","Palestine","Palestine","PrimarySchool","G-04","A","Science","Semester-2","Mother","Yes","Good","Under-7","HighLevel",62,64,72,84
"295","male","Iraq","Iraq","PrimarySchool","G-04","A","Science","Semester-1","Father","Yes","Good","Above-7","MiddleLevel",90,86,82,74
"296","male","Iraq","Iraq","PrimarySchool","G-04","A","Science","Semester-2","Father","Yes","Good","Above-7","MiddleLevel",62,64,72,84
"297","female","Jordan","Jordan","PrimarySchool","G-04","A","Science","Semester-1","Mother","No","Good","Under-7","HighLevel",98,87,86,84
"298","female","Jordan","Jordan","PrimarySchool","G-04","A","Science","Semester-2","Mother","No","Good","Under-7","HighLevel",72,74,82,89
"299","male","Jordan","Jordan","PrimarySchool","G-04","A","Science","Semester-1","Father","No","Good","Above-7","MiddleLevel",18,17,26,34
"300","male","Jordan","Jordan","PrimarySchool","G-04","A","Science","Semester-2","Father","No","Good","Above-7","MiddleLevel",32,14,32,29
"301","male","Jordan","Jordan","PrimarySchool","G-04","A","Science","Semester-1","Father","No","Bad","Above-7","LowLevel",10,12,20,13
"302","male","Jordan","Jordan","PrimarySchool","G-04","A","Science","Semester-2","Father","No","Bad","Above-7","LowLevel",22,34,15,9
"303","female","Jordan","Jordan","PrimarySchool","G-04","B","Science","Semester-1","Mother","No","Bad","Under-7","MiddleLevel",11,20,21,23
"304","female","Jordan","Jordan","PrimarySchool","G-04","B","Science","Semester-2","Mother","No","Bad","Under-7","MiddleLevel",12,44,25,39
"305","female","Jordan","Jordan","PrimarySchool","G-04","B","Science","Semester-1","Father","Yes","Bad","Under-7","MiddleLevel",15,50,24,43
"306","female","Jordan","Jordan","PrimarySchool","G-04","B","Science","Semester-2","Father","Yes","Bad","Under-7","MiddleLevel",32,44,29,89
"307","male","Jordan","Jordan","PrimarySchool","G-04","B","Science","Semester-1","Mother","Yes","Good","Under-7","HighLevel",65,59,74,83
"308","male","Jordan","Jordan","PrimarySchool","G-04","B","Science","Semester-2","Mother","Yes","Good","Under-7","HighLevel",72,64,59,89
"309","male","Palestine","Jordan","PrimarySchool","G-04","B","Science","Semester-1","Mother","Yes","Good","Above-7","MiddleLevel",95,57,74,89
"310","male","Palestine","Jordan","PrimarySchool","G-04","B","Science","Semester-2","Mother","Yes","Good","Above-7","MiddleLevel",82,84,79,79
"311","male","Jordan","Jordan","PrimarySchool","G-04","B","Science","Semester-1","Father","No","Good","Above-7","MiddleLevel",25,29,34,33
"312","male","Jordan","Jordan","PrimarySchool","G-04","B","Science","Semester-2","Father","No","Good","Above-7","MiddleLevel",42,34,29,39
"313","female","Jordan","Jordan","PrimarySchool","G-04","B","Science","Semester-1","Mother","Yes","Good","Under-7","HighLevel",55,79,44,43
"314","female","Jordan","Jordan","PrimarySchool","G-04","B","Science","Semester-2","Mother","Yes","Good","Under-7","HighLevel",62,64,69,49
"315","female","Jordan","Lebanon","PrimarySchool","G-04","B","Science","Semester-1","Mother","Yes","Good","Under-7","HighLevel",78,88,74,83
"316","female","Jordan","Lebanon","PrimarySchool","G-04","B","Science","Semester-2","Mother","Yes","Good","Under-7","HighLevel",72,84,89,89
"317","male","Jordan","Jordan","PrimarySchool","G-02","A","French","Semester-1","Mother","Yes","Good","Under-7","HighLevel",60,92,83,23
"318","male","Jordan","Jordan","PrimarySchool","G-02","A","French","Semester-2","Mother","Yes","Good","Under-7","HighLevel",50,90,83,13
"319","female","Jordan","Jordan","PrimarySchool","G-02","A","French","Semester-1","Mother","Yes","Good","Under-7","HighLevel",60,97,13,3
"320","female","Jordan","Jordan","PrimarySchool","G-02","A","French","Semester-2","Mother","Yes","Good","Under-7","HighLevel",50,95,23,10
"321","female","Jordan","Jordan","PrimarySchool","G-02","A","French","Semester-1","Mother","Yes","Good","Above-7","MiddleLevel",60,87,23,11
"322","female","Jordan","Jordan","PrimarySchool","G-02","A","French","Semester-2","Mother","Yes","Good","Above-7","MiddleLevel",50,80,20,15
"323","male","Jordan","Jordan","PrimarySchool","G-02","A","French","Semester-1","Father","No","Bad","Above-7","LowLevel",10,15,10,21
"324","male","Jordan","Jordan","PrimarySchool","G-02","A","French","Semester-2","Father","No","Bad","Above-7","LowLevel",30,10,20,5
"325","male","Syria","Syria","PrimarySchool","G-02","A","French","Semester-1","Father","No","Bad","Under-7","MiddleLevel",24,35,18,31
"326","male","Syria","Syria","PrimarySchool","G-02","A","French","Semester-2","Father","No","Bad","Under-7","MiddleLevel",27,20,33,35
"327","male","Jordan","Jordan","PrimarySchool","G-02","A","French","Semester-1","Father","No","Bad","Above-7","LowLevel",10,15,10,21
"328","male","Jordan","Jordan","PrimarySchool","G-02","A","French","Semester-2","Father","No","Bad","Above-7","LowLevel",30,10,20,5
"329","female","Jordan","Palestine","PrimarySchool","G-02","A","French","Semester-1","Mother","Yes","Good","Under-7","MiddleLevel",80,77,63,83
"330","female","Jordan","Palestine","PrimarySchool","G-02","A","French","Semester-2","Mother","Yes","Good","Under-7","MiddleLevel",75,85,73,80
"331","male","Jordan","Jordan","PrimarySchool","G-02","A","French","Semester-1","Father","No","Good","Above-7","LowLevel",40,7,50,41
"332","male","Jordan","Jordan","PrimarySchool","G-02","A","French","Semester-2","Father","No","Good","Above-7","LowLevel",35,2,29,33
"333","female","Jordan","Jordan","PrimarySchool","G-02","A","French","Semester-1","Mother","No","Good","Under-7","MiddleLevel",10,90,30,21
"334","female","Jordan","Jordan","PrimarySchool","G-02","A","French","Semester-2","Mother","No","Good","Under-7","MiddleLevel",25,80,29,23
"335","male","Lybia","Lybia","PrimarySchool","G-02","A","French","Semester-1","Mother","No","Good","Above-7","LowLevel",10,8,9,3
"336","male","Lybia","Lybia","PrimarySchool","G-02","A","French","Semester-2","Mother","No","Good","Above-7","LowLevel",15,7,12,7
"337","female","Palestine","Jordan","PrimarySchool","G-02","A","French","Semester-1","Mother","No","Good","Under-7","MiddleLevel",70,90,20,21
"338","female","Palestine","Jordan","PrimarySchool","G-02","A","French","Semester-2","Mother","No","Good","Under-7","MiddleLevel",75,80,15,20
"339","female","Palestine","Jordan","PrimarySchool","G-02","B","French","Semester-1","Father","No","Good","Under-7","MiddleLevel",78,98,10,11
"340","female","Palestine","Jordan","PrimarySchool","G-02","B","French","Semester-2","Father","No","Good","Under-7","MiddleLevel",79,89,11,14
"341","female","Iraq","Iraq","PrimarySchool","G-02","B","French","Semester-1","Father","No","Good","Under-7","MiddleLevel",16,90,15,11
"342","female","Iraq","Iraq","PrimarySchool","G-02","B","French","Semester-2","Father","No","Good","Under-7","MiddleLevel",17,80,13,10
"343","male","Jordan","Jordan","PrimarySchool","G-02","B","French","Semester-1","Mother","No","Bad","Under-7","MiddleLevel",40,87,50,41
"344","male","Jordan","Jordan","PrimarySchool","G-02","B","French","Semester-2","Mother","No","Bad","Under-7","MiddleLevel",35,92,29,33
"345","female","Jordan","Jordan","PrimarySchool","G-02","B","French","Semester-1","Mother","No","Good","Under-7","HighLevel",14,97,15,14
"346","female","Jordan","Jordan","PrimarySchool","G-02","B","French","Semester-1","Mother","No","Good","Under-7","HighLevel",13,82,20,30
"347","female","Jordan","Jordan","PrimarySchool","G-02","B","French","Semester-2","Mother","No","Good","Under-7","HighLevel",24,97,15,14
"348","female","Jordan","Jordan","PrimarySchool","G-02","B","French","Semester-2","Mother","No","Good","Under-7","HighLevel",23,82,20,30
"349","male","Lybia","Lybia","PrimarySchool","G-02","B","French","Semester-1","Mother","No","Good","Above-7","LowLevel",20,3,9,3
"350","male","Lybia","Lybia","PrimarySchool","G-02","B","French","Semester-2","Mother","No","Good","Above-7","LowLevel",15,4,12,7
"351","male","Egypt","Egypt","PrimarySchool","G-02","B","French","Semester-1","Mother","No","Good","Above-7","LowLevel",5,13,6,6
"352","male","Egypt","Egypt","PrimarySchool","G-02","B","French","Semester-2","Mother","No","Good","Above-7","LowLevel",7,9,11,10
"353","female","Jordan","Jordan","PrimarySchool","G-02","B","French","Semester-1","Mother","Yes","Good","Under-7","MiddleLevel",10,94,40,11
"354","female","Jordan","Jordan","PrimarySchool","G-02","B","French","Semester-2","Mother","Yes","Good","Under-7","MiddleLevel",25,89,21,13
"355","male","Jordan","Jordan","PrimarySchool","G-02","B","French","Semester-1","Mother","Yes","Good","Under-7","HighLevel",30,98,42,21
"356","male","Jordan","Jordan","PrimarySchool","G-02","B","French","Semester-2","Mother","Yes","Good","Under-7","HighLevel",35,97,41,23
"357","male","Jordan","Jordan","PrimarySchool","G-02","B","French","Semester-1","Father","Yes","Good","Under-7","MiddleLevel",32,88,32,25
"358","male","Jordan","Jordan","PrimarySchool","G-02","B","French","Semester-2","Father","Yes","Good","Under-7","MiddleLevel",25,87,21,27
"359","female","Lebanon","Lebanon","PrimarySchool","G-02","B","French","Semester-1","Mother","Yes","Good","Under-7","HighLevel",72,98,52,15
"360","female","Lebanon","Lebanon","PrimarySchool","G-02","B","French","Semester-2","Mother","Yes","Good","Under-7","HighLevel",75,90,51,17
"361","male","Jordan","Jordan","PrimarySchool","G-02","A","Arabic","Semester-1","Father","Yes","Good","Above-7","MiddleLevel",20,88,31,28
"362","male","Jordan","Jordan","PrimarySchool","G-02","A","Arabic","Semester-2","Father","Yes","Good","Above-7","MiddleLevel",10,98,41,38
"363","male","Palestine","Jordan","PrimarySchool","G-02","A","Arabic","Semester-1","Father","Yes","Good","Under-7","HighLevel",90,98,41,38
"364","male","Palestine","Jordan","PrimarySchool","G-02","A","Arabic","Semester-2","Father","Yes","Good","Under-7","HighLevel",80,88,51,39
"365","male","Iraq","Iraq","PrimarySchool","G-02","A","Arabic","Semester-1","Father","Yes","Good","Under-7","HighLevel",80,95,21,28
"366","male","Iraq","Iraq","PrimarySchool","G-02","A","Arabic","Semester-2","Father","Yes","Good","Under-7","HighLevel",78,70,31,29
"367","male","Jordan","Jordan","PrimarySchool","G-02","A","Arabic","Semester-1","Father","Yes","Good","Above-7","MiddleLevel",10,18,71,38
"368","male","Jordan","Jordan","PrimarySchool","G-02","A","Arabic","Semester-2","Father","Yes","Good","Above-7","MiddleLevel",10,58,51,48
"369","female","Palestine","Jordan","PrimarySchool","G-02","A","Arabic","Semester-1","Mother","No","Good","Under-7","HighLevel",98,88,60,31
"370","female","Palestine","Jordan","PrimarySchool","G-02","A","Arabic","Semester-2","Mother","No","Good","Under-7","HighLevel",75,81,51,34
"371","male","Jordan","Jordan","PrimarySchool","G-02","A","Arabic","Semester-1","Father","No","Bad","Under-7","MiddleLevel",10,17,50,21
"372","male","Jordan","Jordan","PrimarySchool","G-02","A","Arabic","Semester-2","Father","No","Bad","Under-7","MiddleLevel",35,2,29,23
"373","female","Jordan","Jordan","PrimarySchool","G-02","A","Arabic","Semester-1","Father","No","Bad","Above-7","LowLevel",10,20,22,97
"374","female","Jordan","Jordan","PrimarySchool","G-02","A","Arabic","Semester-2","Father","No","Bad","Above-7","LowLevel",5,9,19,98
"375","male","Jordan","Jordan","PrimarySchool","G-02","B","Arabic","Semester-1","Father","No","Bad","Above-7","LowLevel",10,10,40,51
"376","male","Jordan","Jordan","PrimarySchool","G-02","B","Arabic","Semester-2","Father","No","Bad","Above-7","LowLevel",35,2,29,23
"377","male","Jordan","Jordan","PrimarySchool","G-02","B","Arabic","Semester-1","Mother","Yes","Bad","Above-7","MiddleLevel",20,90,50,61
"378","male","Jordan","Jordan","PrimarySchool","G-02","B","Arabic","Semester-2","Mother","Yes","Bad","Above-7","MiddleLevel",32,82,59,63
"379","male","Jordan","Jordan","PrimarySchool","G-02","B","Arabic","Semester-1","Father","Yes","Bad","Above-7","LowLevel",10,30,50,91
"380","male","Jordan","Jordan","PrimarySchool","G-02","B","Arabic","Semester-2","Father","Yes","Bad","Above-7","LowLevel",12,22,59,83
"381","female","Jordan","Jordan","PrimarySchool","G-02","B","Arabic","Semester-1","Father","No","Bad","Above-7","LowLevel",11,20,20,98
"382","female","Jordan","Jordan","PrimarySchool","G-02","B","Arabic","Semester-2","Father","No","Bad","Above-7","LowLevel",10,12,29,93
"383","male","Iraq","Iraq","PrimarySchool","G-02","B","Arabic","Semester-1","Mother","Yes","Good","Under-7","HighLevel",69,82,20,28
"384","male","Iraq","Iraq","PrimarySchool","G-02","B","Arabic","Semester-2","Mother","Yes","Good","Under-7","HighLevel",70,83,29,33
"385","female","Iraq","Iraq","PrimarySchool","G-02","B","Arabic","Semester-1","Mother","Yes","Good","Under-7","HighLevel",89,92,40,28
"386","female","Iraq","Iraq","PrimarySchool","G-02","B","Arabic","Semester-2","Mother","Yes","Good","Under-7","HighLevel",79,93,49,23
"387","male","Jordan","Jordan","PrimarySchool","G-02","B","Arabic","Semester-1","Mother","Yes","Good","Under-7","MiddleLevel",15,90,21,97
"388","male","Jordan","Jordan","PrimarySchool","G-02","B","Arabic","Semester-2","Mother","Yes","Good","Under-7","MiddleLevel",20,77,31,88
"389","male","Jordan","SaudiArabia","PrimarySchool","G-02","B","Arabic","Semester-1","Mother","No","Good","Above-7","LowLevel",4,10,11,7
"390","male","Jordan","SaudiArabia","PrimarySchool","G-02","B","Arabic","Semester-2","Mother","No","Good","Above-7","LowLevel",5,0,1,8
"391","female","Jordan","Jordan","MiddleSchool","G-07","A","Biology","Semester-1","Mother","Yes","Good","Above-7","MiddleLevel",88,81,50,10
"392","female","Jordan","Jordan","MiddleSchool","G-07","A","Biology","Semester-2","Mother","Yes","Good","Above-7","MiddleLevel",90,88,54,12
"393","female","Iraq","Iraq","MiddleSchool","G-07","A","Biology","Semester-1","Mother","Yes","Good","Under-7","HighLevel",86,98,50,20
"394","female","Iraq","Iraq","MiddleSchool","G-07","A","Biology","Semester-2","Mother","Yes","Good","Under-7","HighLevel",90,90,57,22
"395","male","Jordan","Palestine","MiddleSchool","G-07","A","Biology","Semester-1","Mother","Yes","Good","Under-7","HighLevel",78,91,50,40
"396","male","Jordan","Palestine","MiddleSchool","G-07","A","Biology","Semester-2","Mother","Yes","Good","Under-7","HighLevel",70,98,54,72
"397","male","Jordan","Jordan","MiddleSchool","G-07","A","Biology","Semester-1","Father","Yes","Bad","Under-7","MiddleLevel",80,80,46,61
"398","male","Jordan","Jordan","MiddleSchool","G-07","A","Biology","Semester-2","Father","Yes","Bad","Under-7","MiddleLevel",85,82,59,63
"399","male","Palestine","Palestine","MiddleSchool","G-07","A","Biology","Semester-1","Father","Yes","Good","Under-7","HighLevel",88,90,86,81
"400","male","Palestine","Palestine","MiddleSchool","G-07","A","Biology","Semester-2","Father","Yes","Good","Under-7","HighLevel",89,92,89,83
"401","male","Jordan","Jordan","MiddleSchool","G-07","A","Biology","Semester-1","Father","No","Good","Above-7","MiddleLevel",39,71,40,26
"402","male","Jordan","Jordan","MiddleSchool","G-07","A","Biology","Semester-2","Father","No","Good","Above-7","MiddleLevel",35,80,34,22
"403","male","Jordan","Jordan","MiddleSchool","G-07","A","Biology","Semester-1","Father","No","Good","Under-7","HighLevel",76,81,80,86
"404","male","Jordan","Jordan","MiddleSchool","G-07","A","Biology","Semester-2","Father","No","Good","Under-7","HighLevel",65,89,64,82
"405","female","Syria","Syria","MiddleSchool","G-07","A","Biology","Semester-1","Mother","Yes","Good","Under-7","HighLevel",96,95,70,70
"406","female","Syria","Syria","MiddleSchool","G-07","A","Biology","Semester-2","Mother","Yes","Good","Under-7","HighLevel",80,91,87,72
"407","male","Jordan","Jordan","MiddleSchool","G-07","A","Biology","Semester-1","Mother","No","Bad","Above-7","LowLevel",2,9,10,1
"408","male","Jordan","Jordan","MiddleSchool","G-07","A","Biology","Semester-2","Mother","No","Bad","Above-7","LowLevel",3,8,19,3
"409","male","Jordan","Jordan","MiddleSchool","G-07","B","Biology","Semester-1","Father","No","Bad","Under-7","MiddleLevel",50,79,10,31
"410","male","Jordan","Jordan","MiddleSchool","G-07","B","Biology","Semester-2","Father","No","Bad","Under-7","MiddleLevel",53,88,9,33
"411","female","Jordan","Jordan","MiddleSchool","G-07","B","Biology","Semester-1","Mother","No","Good","Under-7","HighLevel",70,89,12,21
"412","female","Jordan","Jordan","MiddleSchool","G-07","B","Biology","Semester-2","Mother","No","Good","Under-7","HighLevel",59,90,19,43
"413","male","Palestine","Jordan","MiddleSchool","G-07","B","Biology","Semester-1","Father","Yes","Good","Under-7","MiddleLevel",78,80,66,51
"414","male","Palestine","Jordan","MiddleSchool","G-07","B","Biology","Semester-2","Father","Yes","Good","Under-7","MiddleLevel",79,72,79,83
"415","female","Lybia","Lybia","MiddleSchool","G-07","B","Biology","Semester-1","Mother","No","Good","Above-7","LowLevel",10,9,2,1
"416","female","Lybia","Lybia","MiddleSchool","G-07","B","Biology","Semester-2","Mother","No","Good","Above-7","LowLevel",9,7,9,3
"417","male","Iraq","Iraq","MiddleSchool","G-07","B","Biology","Semester-1","Father","Yes","Good","Under-7","HighLevel",98,90,86,71
"418","male","Iraq","Iraq","MiddleSchool","G-07","B","Biology","Semester-2","Father","Yes","Good","Under-7","HighLevel",89,92,89,83
"419","male","Palestine","Jordan","MiddleSchool","G-07","B","Biology","Semester-1","Father","Yes","Good","Under-7","HighLevel",88,90,76,81
"420","male","Palestine","Jordan","MiddleSchool","G-07","B","Biology","Semester-2","Father","Yes","Good","Under-7","HighLevel",99,96,89,84
"421","female","Jordan","Jordan","MiddleSchool","G-08","A","Chemistry","Semester-1","Mother","Yes","Good","Under-7","HighLevel",82,89,22,31
"422","female","Jordan","Jordan","MiddleSchool","G-08","A","Chemistry","Semester-2","Mother","Yes","Good","Under-7","HighLevel",84,92,29,43
"423","female","Jordan","Jordan","MiddleSchool","G-08","A","Geology","Semester-1","Mother","Yes","Good","Above-7","MiddleLevel",70,69,46,45
"424","female","Jordan","Jordan","MiddleSchool","G-08","A","Geology","Semester-2","Mother","Yes","Good","Above-7","MiddleLevel",74,62,49,43
"425","female","Jordan","Jordan","MiddleSchool","G-08","A","Geology","Semester-1","Mother","Yes","Good","Under-7","HighLevel",90,79,76,79
"426","female","Jordan","Jordan","MiddleSchool","G-08","A","Geology","Semester-2","Mother","Yes","Good","Under-7","HighLevel",84,77,79,68
"427","male","Jordan","Jordan","MiddleSchool","G-08","A","Chemistry","Semester-1","Mother","Yes","Good","Above-7","MiddleLevel",80,80,62,11
"428","male","Jordan","Jordan","MiddleSchool","G-08","A","Chemistry","Semester-2","Mother","Yes","Good","Above-7","MiddleLevel",81,82,69,13
"429","male","Jordan","SaudiArabia","MiddleSchool","G-08","A","Chemistry","Semester-1","Father","No","Bad","Above-7","LowLevel",10,0,2,41
"430","male","Jordan","SaudiArabia","MiddleSchool","G-08","A","Chemistry","Semester-2","Father","No","Bad","Above-7","LowLevel",11,2,9,49
"431","male","Jordan","SaudiArabia","MiddleSchool","G-08","A","Geology","Semester-1","Father","No","Bad","Under-7","HighLevel",85,89,22,61
"432","male","Jordan","SaudiArabia","MiddleSchool","G-08","A","Geology","Semester-2","Father","No","Bad","Under-7","HighLevel",80,89,23,68
"433","male","Jordan","SaudiArabia","MiddleSchool","G-08","A","Geology","Semester-1","Father","No","Bad","Under-7","MiddleLevel",95,87,62,81
"434","male","Jordan","SaudiArabia","MiddleSchool","G-08","A","Geology","Semester-2","Father","No","Bad","Under-7","MiddleLevel",87,79,73,98
"435","male","Jordan","Jordan","MiddleSchool","G-08","A","Chemistry","Semester-1","Mother","Yes","Good","Above-7","MiddleLevel",85,87,72,10
"436","male","Jordan","Jordan","MiddleSchool","G-08","A","Chemistry","Semester-2","Mother","Yes","Good","Above-7","MiddleLevel",79,88,79,20
"437","male","Jordan","Jordan","MiddleSchool","G-08","A","Geology","Semester-1","Mother","Yes","Good","Under-7","MiddleLevel",80,81,71,30
"438","male","Jordan","Jordan","MiddleSchool","G-08","A","Geology","Semester-2","Mother","Yes","Good","Under-7","MiddleLevel",70,83,70,23
"439","male","Jordan","Jordan","MiddleSchool","G-08","A","Chemistry","Semester-1","Mother","Yes","Good","Under-7","MiddleLevel",80,82,76,19
"440","male","Jordan","Jordan","MiddleSchool","G-08","A","Chemistry","Semester-2","Mother","Yes","Good","Under-7","MiddleLevel",70,82,75,29
"441","male","Jordan","Jordan","MiddleSchool","G-08","A","Geology","Semester-1","Mother","Yes","Good","Under-7","MiddleLevel",89,87,86,15
"442","male","Jordan","Jordan","MiddleSchool","G-08","A","Geology","Semester-2","Mother","Yes","Good","Under-7","MiddleLevel",90,86,85,10
"443","male","Jordan","Jordan","MiddleSchool","G-08","A","History","Semester-1","Mother","Yes","Good","Above-7","MiddleLevel",69,77,76,75
"444","male","Jordan","Jordan","MiddleSchool","G-08","A","History","Semester-2","Mother","Yes","Good","Above-7","MiddleLevel",70,76,65,70
"445","male","Jordan","Jordan","MiddleSchool","G-08","A","Chemistry","Semester-1","Mother","Yes","Good","Above-7","LowLevel",75,72,64,39
"446","male","Jordan","Jordan","MiddleSchool","G-08","A","Chemistry","Semester-2","Mother","Yes","Good","Above-7","LowLevel",72,76,66,40
"447","male","Jordan","Jordan","MiddleSchool","G-08","A","Geology","Semester-1","Mother","Yes","Good","Under-7","MiddleLevel",77,82,74,79
"448","male","Jordan","Jordan","MiddleSchool","G-08","A","Geology","Semester-2","Mother","Yes","Good","Under-7","MiddleLevel",71,84,67,80
"449","male","Jordan","Jordan","MiddleSchool","G-08","A","History","Semester-1","Mother","Yes","Good","Under-7","HighLevel",87,92,74,89
"450","male","Jordan","Jordan","MiddleSchool","G-08","A","History","Semester-2","Mother","Yes","Good","Under-7","HighLevel",81,84,77,85
"451","female","Jordan","Jordan","MiddleSchool","G-08","A","Chemistry","Semester-1","Father","Yes","Good","Under-7","HighLevel",15,97,22,10
"452","female","Jordan","Jordan","MiddleSchool","G-08","A","Chemistry","Semester-2","Father","Yes","Good","Under-7","HighLevel",19,98,20,2
"453","female","Jordan","Jordan","MiddleSchool","G-08","A","Geology","Semester-1","Father","Yes","Good","Above-7","MiddleLevel",25,82,52,20
"454","female","Jordan","Jordan","MiddleSchool","G-08","A","Geology","Semester-2","Father","Yes","Good","Above-7","MiddleLevel",29,78,40,12
"455","female","Jordan","Jordan","MiddleSchool","G-08","A","History","Semester-1","Father","Yes","Good","Under-7","MiddleLevel",45,87,57,80
"456","female","Jordan","Jordan","MiddleSchool","G-08","A","History","Semester-2","Father","Yes","Good","Under-7","MiddleLevel",39,88,43,72
"457","female","Jordan","Jordan","MiddleSchool","G-08","A","Chemistry","Semester-1","Father","Yes","Good","Under-7","HighLevel",85,90,52,30
"458","female","Jordan","Jordan","MiddleSchool","G-08","A","Chemistry","Semester-2","Father","Yes","Good","Under-7","HighLevel",79,91,49,22
"459","male","Iraq","Iraq","MiddleSchool","G-08","A","Chemistry","Semester-1","Father","Yes","Good","Under-7","HighLevel",90,91,80,81
"460","male","Iraq","Iraq","MiddleSchool","G-08","A","Chemistry","Semester-2","Father","Yes","Good","Under-7","HighLevel",80,90,80,83
"461","male","Iraq","Iraq","MiddleSchool","G-08","A","Geology","Semester-1","Father","Yes","Good","Above-7","MiddleLevel",80,83,82,71
"462","male","Iraq","Iraq","MiddleSchool","G-08","A","Geology","Semester-2","Father","Yes","Good","Above-7","MiddleLevel",71,81,83,72
"463","male","Iraq","Iraq","MiddleSchool","G-08","A","History","Semester-1","Father","Yes","Good","Above-7","MiddleLevel",72,87,72,89
"464","male","Iraq","Iraq","MiddleSchool","G-08","A","History","Semester-2","Father","Yes","Good","Above-7","MiddleLevel",69,77,83,92
"465","female","Jordan","Jordan","MiddleSchool","G-08","A","Chemistry","Semester-1","Mother","Yes","Good","Under-7","HighLevel",85,99,42,90
"466","female","Jordan","Jordan","MiddleSchool","G-08","A","Chemistry","Semester-2","Mother","Yes","Good","Under-7","HighLevel",89,96,45,92
"467","female","Jordan","Jordan","MiddleSchool","G-08","A","Geology","Semester-1","Mother","Yes","Good","Under-7","HighLevel",80,82,64,58
"468","female","Jordan","Jordan","MiddleSchool","G-08","A","Geology","Semester-2","Mother","Yes","Good","Under-7","HighLevel",87,93,63,60
"469","female","Jordan","Jordan","MiddleSchool","G-08","A","Chemistry","Semester-1","Father","No","Bad","Above-7","LowLevel",15,9,14,80
"470","female","Jordan","Jordan","MiddleSchool","G-08","A","Chemistry","Semester-2","Father","No","Bad","Above-7","LowLevel",9,6,15,85
"471","male","Palestine","Jordan","MiddleSchool","G-08","A","History","Semester-1","Father","Yes","Good","Under-7","MiddleLevel",81,86,86,41
"472","male","Palestine","Jordan","MiddleSchool","G-08","A","History","Semester-2","Father","Yes","Good","Under-7","MiddleLevel",78,82,78,53
"473","male","Palestine","Palestine","MiddleSchool","G-08","A","Geology","Semester-1","Father","Yes","Good","Under-7","MiddleLevel",80,87,74,68
"474","male","Palestine","Palestine","MiddleSchool","G-08","A","Geology","Semester-2","Father","Yes","Good","Under-7","MiddleLevel",85,88,79,70
"475","female","Jordan","Jordan","MiddleSchool","G-08","A","Chemistry","Semester-1","Father","No","Bad","Above-7","LowLevel",2,7,4,8
"476","female","Jordan","Jordan","MiddleSchool","G-08","A","Chemistry","Semester-2","Father","No","Bad","Above-7","LowLevel",5,4,5,8
"477","female","Jordan","Jordan","MiddleSchool","G-08","A","Geology","Semester-1","Father","No","Bad","Under-7","MiddleLevel",50,77,14,28
"478","female","Jordan","Jordan","MiddleSchool","G-08","A","Geology","Semester-2","Father","No","Bad","Under-7","MiddleLevel",55,74,25,29
"479","female","Jordan","Jordan","MiddleSchool","G-08","A","History","Semester-1","Father","No","Bad","Above-7","LowLevel",30,17,14,57
"480","female","Jordan","Jordan","MiddleSchool","G-08","A","History","Semester-2","Father","No","Bad","Above-7","LowLevel",35,14,23,62
